time, value
0.858, 30.125
2.358, 30.125
3.858, 30.125
5.358, 30.140625
6.858, 30.15625
8.358, 30.15625
9.858, 30.140625
11.358, 30.15625
12.858, 30.15625
