time, value
0.858, 5.59375
2.358, 5.5859375
3.858, 5.58203125
5.358, 5.609375
6.858, 5.6171875
8.358, 5.609375
9.858, 5.6015625
11.358, 5.609375
12.858, 5.609375
