time, value
1.052, 12.03200054
2.552, 12.03200054
4.052, 12.03200054
5.552, 12.02400017
7.052, 12.01600075
8.552, 12.01600075
10.052, 12.01600075
