time, value
1.052, 27.953125
2.552, 27.984375
4.052, 27.984375
5.552, 27.984375
7.052, 28.015625
8.552, 28.03125
10.052, 28.03125
