time, value
1.052, 5.796875
2.552, 5.8046875
4.052, 5.796875
5.552, 5.8046875
7.052, 5.77734375
8.552, 5.8125
10.052, 5.8046875
