time, value
0.858, 12.40800095
2.358, 12.41600037
3.858, 12.40800095
5.358, 12.40800095
6.858, 12.40800095
8.358, 12.40800095
