time, value
0.858, 30.15625
2.358, 30.15625
3.858, 30.15625
5.358, 30.15625
6.858, 30.171875
8.358, 30.15625
