time, value
0.858, 4.51953125
2.358, 4.5234375
3.858, 4.52734375
5.358, 4.515625
6.858, 4.50390625
8.358, 4.50390625
