time, value
1.343, 12.04000092
2.843, 12.04000092
4.343, 12.03200054
5.843, 12.03200054
7.343, 12.02400017
8.843, 12.03200054
10.343, 12.03200054
11.843, 12.03200054
