time, value
1.343, 27.875
2.843, 27.875
4.343, 27.90625
5.843, 27.890625
7.343, 27.90625
8.843, 27.90625
10.343, 27.90625
11.843, 27.921875
