time, value
1.343, 5.80078125
2.843, 5.8046875
4.343, 5.80078125
5.843, 5.77734375
7.343, 5.7734375
8.843, 5.7734375
10.343, 5.77734375
11.843, 5.78515625
